Season,Model,Beta,OR,CI_low,CI_high,P_neg
Fall,Standard (1e),-1.401511694121108,0.2462244663830541,-1.9521215791448332,-0.8852469052997431,1
Fall,Det-corrected (1f),-1.831053548592147,0.1602446532821192,-2.7080351412695194,-1.0758638021543971,1
Spring,Standard (1e),-1.4073272233554537,0.24479669644347865,-3.448340636949894,0.6513596176392192,0.9073333333333333
Spring,Det-corrected (1f),-1.8347021737562932,0.15966104593739375,-3.989879696656402,0.277501833587038,0.95575
Interaction,Standard (1e),-0.00581552923434559,NA,-1.9789396371198749,1.975132584938754,NA
Interaction,Det-corrected (1f),-0.003648625164146175,NA,-1.988982223867844,1.959066903939897,NA
