Window,Variable,Beta_Spill_Mean,Beta_Spill_SD,Spill_HDI_Lower,Spill_HDI_Upper,P_Spill_Positive,Beta_Harvest_Mean,Beta_Harvest_SD,Harvest_HDI_Lower,Harvest_HDI_Upper,P_Harvest_Positive,Sigma_Alpha
Fall (Aug-Nov),SpillHours,-0.2882609101129767,0.1182912675247812,-0.5309080904739105,-0.06236995269433524,0.007583333333333333,-2.0862906696517243,0.19810171329045467,-2.4942083397759607,-1.7183274893624456,0,0.5161906502616407
Fall (Aug-Nov),SpillDays,-0.1636123750150602,0.12806599356329876,-0.4079076607509451,0.0992027151018475,0.09941666666666667,-2.2065982646356757,0.2017945312224386,-2.594475838489274,-1.8049692888591038,0,0.5835334607156678
Fall (Aug-Nov),TotalSpill,-0.018506400304905378,0.185842736351486,-0.38999941133516053,0.34706535009153694,0.4645,-2.1798210253344523,0.20482005354418484,-2.6004813582074,-1.7877981657003572,0,0.6880833308460654
Spring (Jan-Mar),SpillHours,0.09013203727335048,0.13299939123442042,-0.16632330229134137,0.3550551132351708,0.7535833333333334,-2.1523607082921887,0.20729010009412854,-2.5561371895502307,-1.753013893045882,0,0.6717462258332957
Spring (Jan-Mar),SpillDays,0.08539909004109894,0.15020411528025204,-0.2077813561222699,0.3820496640102851,0.7196666666666667,-2.1615147638491297,0.20623162060948752,-2.565174406004748,-1.7630507191932518,0,0.6748463769479323
Spring (Jan-Mar),TotalSpill,0.034426365562093074,0.12661157910257662,-0.2214317037650206,0.28088668331834893,0.6086666666666667,-2.167282384827738,0.20789824294096526,-2.5850560066189954,-1.7721160235052391,0,0.685146881213754
